1,Jules Mcnally,Jules_Mcnally8158@extex.org
2,Ramon Gray,Ramon_Gray3339@gmail.com
3,Lucas Bennett,Lucas_Bennett6911@eirey.tech
4,Madelyn Lucas,Madelyn_Lucas7008@bungar.biz
5,Tony Reading,Tony_Reading4950@supunk.biz
6,Carina Edwards,Carina_Edwards6585@zorer.org
7,Danny Dempsey,Danny_Dempsey454@mafthy.com
8,Daniel Nelson,Daniel_Nelson5389@grannar.com
9,Ron Campbell,Ron_Campbell6475@atink.com
10,Chad Darcy,Chad_Darcy7034@yahoo.com
